Trp-Ser	177
Trp-Arg	101
Trp-Leu	61
Trp-Pro	147
Trp-Thr	128
Trp-Ala	148
Trp-Val	88
Trp-Gly	184
Trp-Ile	61
Trp-Phe	40
Trp-Tyr	37
Trp-Cys	215
Trp-His	115
Trp-Gln	130
Trp-Asn	174
Trp-Lys	110
Trp-Asp	181
Trp-Glu	152
Trp-Met	67
Met-Ser	135
Met-Arg	91
Met-Leu	15
Met-Pro	87
Met-Thr	81
Met-Ala	84
Met-Val	21
Met-Gly	127
Met-Ile	10
Met-Phe	28
Met-Tyr	36
Met-Cys	196
Met-His	87
Met-Gln	101
Met-Asn	142
Met-Lys	95
Met-Asp	160
Met-Glu	126
Glu-Ser	80
Glu-Arg	54
Glu-Leu	138
Glu-Pro	93
Glu-Thr	65
Glu-Ala	107
Glu-Val	121
Glu-Gly	98
Glu-Ile	134
Glu-Phe	140
Glu-Tyr	122
Glu-Cys	170
Glu-His	40
Glu-Gln	29
Glu-Asn	42
Glu-Lys	56
Glu-Asp	45
Asp-Ser	65
Asp-Arg	96
Asp-Leu	172
Asp-Pro	108
Asp-Thr	85
Asp-Ala	126
Asp-Val	152
Asp-Gly	94
Asp-Ile	168
Asp-Phe	177
Asp-Tyr	160
Asp-Cys	154
Asp-His	81
Asp-Gln	61
Asp-Asn	23
Asp-Lys	101
Lys-Ser	121
Lys-Arg	26
Lys-Leu	107
Lys-Pro	103
Lys-Thr	78
Lys-Ala	106
Lys-Val	97
Lys-Gly	127
Lys-Ile	102
Lys-Phe	102
Lys-Tyr	85
Lys-Cys	202
Lys-His	32
Lys-Gln	53
Lys-Asn	94
Asn-Ser	46
Asn-Arg	86
Asn-Leu	153
Asn-Pro	91
Asn-Thr	65
Asn-Ala	111
Asn-Val	133
Asn-Gly	80
Asn-Ile	149
Asn-Phe	158
Asn-Tyr	143
Asn-Cys	139
Asn-His	68
Asn-Gln	46
Gln-Ser	68
Gln-Arg	43
Gln-Leu	113
Gln-Pro	76
Gln-Thr	42
Gln-Ala	91
Gln-Val	96
Gln-Gly	87
Gln-Ile	109
Gln-Phe	116
Gln-Tyr	99
Gln-Cys	154
Gln-His	24
His-Ser	89
His-Arg	29
His-Leu	99
His-Pro	77
His-Thr	47
His-Ala	86
His-Val	84
His-Gly	98
His-Ile	94
His-Phe	100
His-Tyr	83
His-Cys	174
Cys-Ser	112
Cys-Arg	180
Cys-Leu	198
Cys-Pro	169
Cys-Thr	149
Cys-Ala	195
Cys-Val	192
Cys-Gly	159
Cys-Ile	198
Cys-Phe	205
Cys-Tyr	194
Tyr-Ser	144
Tyr-Arg	77
Tyr-Leu	36
Tyr-Pro	110
Tyr-Thr	92
Tyr-Ala	112
Tyr-Val	55
Tyr-Gly	147
Tyr-Ile	33
Tyr-Phe	22
Phe-Ser	155
Phe-Arg	97
Phe-Leu	22
Phe-Pro	114
Phe-Thr	103
Phe-Ala	113
Phe-Val	50
Phe-Gly	153
Phe-Ile	21
Ile-Ser	142
Ile-Arg	97
Ile-Leu	5
Ile-Pro	95
Ile-Thr	89
Ile-Ala	94
Ile-Val	29
Ile-Gly	135
Gly-Ser	56
Gly-Arg	125
Gly-Leu	138
Gly-Pro	42
Gly-Thr	59
Gly-Ala	60
Gly-Val	109
Val-Ser	124
Val-Arg	96
Val-Leu	32
Val-Pro	68
Val-Thr	69
Val-Ala	64
Ala-Ser	99
Ala-Arg	112
Ala-Leu	96
Ala-Pro	27
Ala-Thr	58
Thr-Ser	58
Thr-Arg	71
Thr-Leu	92
Thr-Pro	38
Pro-Ser	74
Pro-Arg	103
Pro-Leu	98
Leu-Ser	145
Leu-Arg	102
Arg-Ser	110
